{
  "precision": "bf16",
  "epoch_loss": [
    1.4976705990660304,
    0.3444996638515125,
    0.19199362881600665,
    0.13883649096630823,
    0.09938851744234085,
    0.08761710780985153,
    0.06804687199822534,
    0.05371206137574852,
    0.037590160567206314,
    0.03585392540802781
  ],
  "epoch_acc": [
    0.5652,
    0.9108,
    0.9488,
    0.9626,
    0.9742,
    0.9764,
    0.9824,
    0.9874,
    0.9892,
    0.9904
  ],
  "train_time": 619.9907109737396,
  "train_mem": 1461.654016,
  "test_acc": 0.967,
  "test_time": 0.45242929458618164
}