{
  "precision": "fp16",
  "epoch_loss": [
    1.488655546126655,
    0.33498881219294124,
    0.18295528082706677,
    0.12300205105147995,
    0.08864004719264496,
    0.06719531038532052,
    0.06019967868507575,
    0.04354169751300265,
    0.03520515621580279,
    0.03520309068813039
  ],
  "epoch_acc": [
    0.5642,
    0.918,
    0.953,
    0.9672,
    0.9774,
    0.9822,
    0.9842,
    0.9892,
    0.99,
    0.9902
  ],
  "train_time": 128.2983422279358,
  "train_mem": 3361.507328,
  "test_acc": 0.971,
  "test_time": 0.5574164390563965
}