{
  "precision": "fp16",
  "epoch_loss": [
    1.3695249313744493,
    0.319537323337203,
    0.1786504874285608,
    0.130377870773117,
    0.0804356687818282,
    0.0708730690829908,
    0.05500384124543387,
    0.040986854846354205,
    0.034859879524818956,
    0.0332666346260284
  ],
  "epoch_acc": [
    0.6142,
    0.9134,
    0.9522,
    0.965,
    0.98,
    0.9808,
    0.9868,
    0.9888,
    0.99,
    0.9914
  ],
  "train_time": 211.4695782661438,
  "train_mem": 1461.000192,
  "test_acc": 0.963,
  "test_time": 1.1926441192626953
}