{
  "precision": "fp32",
  "epoch_loss": [
    1.5327955370132154,
    0.36239254404418764,
    0.19162875700730103,
    0.1326774451881647,
    0.09648685669377684,
    0.07127487193197964,
    0.0652607646131049,
    0.041811679583637955,
    0.04395978523198123,
    0.04289166803751438
  ],
  "epoch_acc": [
    0.5396,
    0.899,
    0.9482,
    0.9664,
    0.974,
    0.9826,
    0.9844,
    0.9888,
    0.9884,
    0.9872
  ],
  "train_time": 19923.919310331345,
  "train_mem": 0.0,
  "test_acc": 0.97,
  "test_time": 51.839858531951904
}