{
  "precision": "int8",
  "epoch_loss": [
    2.583532326518537,
    2.489167414534206,
    2.4196064784503974,
    2.3635192633436892,
    2.3168769754921668,
    2.2713352426553306,
    2.233347675289971,
    2.194723536412175,
    2.156571891361151,
    2.138766263620541
  ],
  "epoch_acc": [
    0.1208,
    0.1764,
    0.1974,
    0.2284,
    0.2444,
    0.2548,
    0.2682,
    0.281,
    0.2904,
    0.2992
  ],
  "train_time": 165.64638137817383,
  "train_mem": 1587.83744,
  "test_acc": 0.391,
  "test_time": 0.9765331745147705
}