{
  "precision": "fp16",
  "epoch_loss": [
    1.3857977039897784,
    0.3204161429081481,
    0.18850567298361098,
    0.12219475293026184,
    0.09255048894463255,
    0.08085378353147747,
    0.05594080569484411,
    0.044913275966260095,
    0.037478195048106934,
    0.04210684533727864
  ],
  "epoch_acc": [
    0.6142,
    0.9166,
    0.9502,
    0.9692,
    0.9756,
    0.9774,
    0.9862,
    0.988,
    0.9912,
    0.989
  ],
  "train_time": 188.45019030570984,
  "train_mem": 1461.000192,
  "test_acc": 0.971,
  "test_time": 0.9557199478149414
}