{
  "precision": "fp32",
  "epoch_loss": [
    1.4214352516891857,
    0.3336598622722748,
    0.17222996226276832,
    0.11771703908999508,
    0.09178328462325917,
    0.07453284880664117,
    0.05303027284162018,
    0.05816688800986392,
    0.03576806627329998,
    0.02899604526083595
  ],
  "epoch_acc": [
    0.5866,
    0.909,
    0.9564,
    0.9674,
    0.975,
    0.9804,
    0.9864,
    0.9844,
    0.9914,
    0.9922
  ],
  "train_time": 178.99309396743774,
  "train_mem": 2685.956608,
  "test_acc": 0.969,
  "test_time": 0.8892457485198975
}