{
  "precision": "fp16",
  "epoch_loss": [
    1.40165920741261,
    0.33154501883795084,
    0.18909203390867566,
    0.13119684636426238,
    0.09436189014309893,
    0.07745544823071066,
    0.05103705125227095,
    0.044824234092423615,
    0.04464695333226468,
    0.028923542150251638
  ],
  "epoch_acc": [
    0.5904,
    0.9142,
    0.9482,
    0.9638,
    0.9766,
    0.9786,
    0.9872,
    0.9892,
    0.9872,
    0.9948
  ],
  "train_time": 99.09022092819214,
  "train_mem": 1461.655552,
  "test_acc": 0.967,
  "test_time": 0.4543461799621582
}